email,password
liam.anderson1@mail.com,Password34?
emma.roberts2@mail.com,Password34?
noah.martinez3@mail.com,Password34?
olivia.thompson4@mail.com,Password34?
elijah.clark5@mail.com,Password34?
ava.lewis6@mail.com,Password34?
william.walker7@mail.com,Password34?
sophia.hall8@mail.com,Password34?
james.young9@mail.com,Password34?
isabella.king10@mail.com,Password34?
benjamin.wright11@mail.com,Password34?
mia.scott12@mail.com,Password34?
lucas.green13@mail.com,Password34?
amelia.baker14@mail.com,Password34?
henry.adams15@mail.com,Password34?
harper.nelson16@mail.com,Password34?
alexander.carter17@mail.com,Password34?
evelyn.mitchell18@mail.com,Password34?
michael.parker19@mail.com,Password34?
ella.rivera20@mail.com,Password34?
daniel.campbell21@mail.com,Password34?
charlotte.garcia22@mail.com,Password34?
matthew.rogers23@mail.com,Password34?
grace.murphy24@mail.com,Password34?
jackson.cooper25@mail.com,Password34?
chloe.reed26@mail.com,Password34?
sebastian.bryant27@mail.com,Password34?
hannah.brooks28@mail.com,Password34?
david.peterson29@mail.com,Password34?
lily.stewart30@mail.com,Password34?
joseph.morris31@mail.com,Password34?
victoria.rogers32@mail.com,Password34?
samuel.cook33@mail.com,Password34?
avery.gray34@mail.com,Password34?
andrew.ross35@mail.com,Password34?
scarlett.foster36@mail.com,Password34?
ethan.jenkins37@mail.com,Password34?
zoey.perry38@mail.com,Password34?
jacob.powell39@mail.com,Password34?
nora.long40@mail.com,Password34?
logan.patterson41@mail.com,Password34?
riley.hughes42@mail.com,Password34?
gabriel.flores43@mail.com,Password34?
aria.washington44@mail.com,Password34?
anthony.butler45@mail.com,Password34?
penelope.simmons46@mail.com,Password34?
dylan.fisher47@mail.com,Password34?
layla.henderson48@mail.com,Password34?
owen.ford49@mail.com,Password34?
elizabeth.graham50@mail.com,Password34?
wyatt.wallace51@mail.com,Password34?
hazel.wells52@mail.com,Password34?
isaac.west53@mail.com,Password34?
aurora.cole54@mail.com,Password34?
julian.hayes55@mail.com,Password34?
violet.stone56@mail.com,Password34?
christopher.grant57@mail.com,Password34?
savannah.gibson58@mail.com,Password34?
levi.mendoza59@mail.com,Password34?
ellie.stephens60@mail.com,Password34?
mateo.shaw61@mail.com,Password34?
stella.hansen62@mail.com,Password34?
jack.arnold63@mail.com,Password34?
natalie.greene64@mail.com,Password34?
luke.marshall65@mail.com,Password34?
addison.waters66@mail.com,Password34?
grayson.kennedy67@mail.com,Password34?
zoey.holland68@mail.com,Password34?
ryan.kim69@mail.com,Password34?
madison.hunter70@mail.com,Password34?
charles.harvey71@mail.com,Password34?
eleanor.weaver72@mail.com,Password34?
maverick.dixon73@mail.com,Password34?
paisley.bishop74@mail.com,Password34?
thomas.neal75@mail.com,Password34?
aubrey.curtis76@mail.com,Password34?
caleb.harrison77@mail.com,Password34?
skylar.chapman78@mail.com,Password34?
jonathan.carpenter79@mail.com,Password34?
brooklyn.dean80@mail.com,Password34?
christian.oliver81@mail.com,Password34?
audrey.grant82@mail.com,Password34?
landon.fox83@mail.com,Password34?
bella.harper84@mail.com,Password34?
hudson.riley85@mail.com,Password34?
claire.ruiz86@mail.com,Password34?
nathan.ortiz87@mail.com,Password34?
lucy.griffin88@mail.com,Password34?
connor.cruz89@mail.com,Password34?
samantha.hoffman90@mail.com,Password34?
eli.black91@mail.com,Password34?
leah.fields92@mail.com,Password34?
hunter.henry93@mail.com,Password34?
audrey.mathis94@mail.com,Password34?
cameron.drake95@mail.com,Password34?
anna.boone96@mail.com,Password34?
jayden.shields97@mail.com,Password34?
ariana.pratt98@mail.com,Password34?
isaiah.dean99@mail.com,Password34?
maya.hardy100@mail.com,Password34?
